,"-, clemscore","adventuregame, % Played","adventuregame, Quality Score","adventuregame, Quality Score (std)","all, Average % Played","all, Average Quality Score","clean_up, % Played","clean_up, Quality Score","clean_up, Quality Score (std)","codenames, % Played","codenames, Quality Score","codenames, Quality Score (std)","dond, % Played","dond, Quality Score","dond, Quality Score (std)","guesswhat, % Played","guesswhat, Quality Score","guesswhat, Quality Score (std)","imagegame, % Played","imagegame, Quality Score","imagegame, Quality Score (std)","matchit, % Played","matchit, Quality Score","matchit, Quality Score (std)","matchit_ascii, % Played","matchit_ascii, Quality Score","matchit_ascii, Quality Score (std)","mm_mapworld, % Played","mm_mapworld, Quality Score","mm_mapworld, Quality Score (std)","multimodal_referencegame, % Played","multimodal_referencegame, Quality Score","multimodal_referencegame, Quality Score (std)","privateshared, % Played","privateshared, Quality Score","privateshared, Quality Score (std)","referencegame, % Played","referencegame, Quality Score","referencegame, Quality Score (std)","taboo, % Played","taboo, Quality Score","taboo, Quality Score (std)","textmapworld, % Played","textmapworld, Quality Score","textmapworld, Quality Score (std)","wordle, % Played","wordle, Quality Score","wordle, Quality Score (std)"
baseline_Qwen3-VL-30B-A3B-Instruct-FP8,26.61,79.17,5.26,16.72,64.05,41.54,83.33,11.62,8.36,38.46,30.0,48.3,10.0,0.0,0.0,0.0,,,0.0,,,95.83,82.61,38.76,100.0,87.5,33.78,84.0,60.43,16.23,100.0,77.27,42.89,100.0,,,100.0,72.0,45.83,100.0,26.67,45.77,0.0,,,70.0,3.57,13.36
format-recovery_LLM_judge_Qwen3-VL-30B-A3B-Instruct-FP8,17.9,20.83,53.33,50.55,50.01,35.79,,,,34.62,44.44,52.7,,,,33.33,0.0,0.0,0.0,,,0.0,,,100.0,0.0,0.0,28.0,50.79,10.81,100.0,77.27,42.89,100.0,,,100.0,64.0,48.99,93.33,28.57,46.88,0.0,,,40.0,3.75,10.61
format-recovery_fixed_tags_Qwen3-VL-30B-A3B-Instruct-FP8,16.54,20.83,86.67,18.26,47.28,34.99,,,,30.77,50.0,53.45,,,,20.83,0.0,0.0,0.0,,,0.0,,,100.0,0.0,0.0,28.0,49.68,12.94,100.0,68.18,47.67,84.21,0.0,0.0,100.0,72.0,45.83,100.0,23.33,41.69,0.0,,,30.0,0.0,0.0
longterm_langchain_Qwen3-VL-30B-A3B-Instruct-FP8,21.96,83.33,13.33,33.16,70.45,31.17,,,,50.0,30.77,48.04,,,,79.17,21.05,35.5,4.17,80.0,,95.83,30.43,47.05,100.0,37.5,49.45,40.0,18.16,30.45,100.0,50.0,51.18,96.0,,,100.0,24.0,43.59,93.33,9.52,27.51,64.0,59.31,22.24,10.0,0.0,0.0
pre-game_planning_Qwen3-VL-30B-A3B-Instruct-FP8,8.22,0.0,,,27.36,30.03,,,,7.69,50.0,70.71,,,,0.0,,,0.0,,,0.0,,,100.0,0.0,0.0,100.0,59.01,20.31,0.0,,,88.0,,,0.0,,,60.0,11.11,33.33,0.0,,,0.0,,
reflexion_Qwen3-VL-30B-A3B-Instruct-FP8,7.69,12.5,33.33,57.74,31.98,24.05,,,,26.92,42.86,53.45,,,,8.33,0.0,0.0,0.0,,,0.0,,,100.0,0.0,0.0,32.0,50.09,8.5,0.0,,,96.0,,,0.0,,,100.0,23.33,41.69,0.0,,,40.0,18.75,37.2
tagextractor_langchain_Qwen3-VL-30B-A3B-Instruct-FP8,24.9,58.33,57.14,46.09,55.05,45.24,,,,7.69,0.0,0.0,,,,91.67,43.94,46.45,0.0,,,100.0,29.17,46.43,100.0,79.17,41.49,8.0,62.72,7.88,100.0,50.0,51.18,92.0,,,96.0,70.83,46.43,0.0,,,12.0,59.43,16.89,50.0,0.0,0.0
twotoolsagent_langchain_Qwen3-VL-30B-A3B-Instruct-FP8,36.11,70.83,17.65,35.59,79.81,45.25,,,,46.15,16.67,38.92,,,,95.83,27.54,32.8,41.67,89.6,11.98,100.0,54.17,50.9,100.0,87.5,33.78,44.0,63.95,10.44,100.0,27.27,45.58,88.0,,,92.0,73.91,44.9,100.0,20.0,36.84,84.0,62.76,13.37,75.0,2.0,7.75
upfront_strategy_Qwen3-VL-30B-A3B-Instruct-FP8,28.41,29.17,33.33,33.33,53.32,53.29,,,,30.77,37.5,51.75,,,,0.0,,,0.0,,,4.17,100.0,,100.0,37.5,49.45,84.0,58.23,15.39,100.0,86.36,35.13,100.0,,,100.0,80.0,40.82,100.0,33.33,44.99,0.0,,,45.0,13.33,33.17
